[
    {
      "title": "Meteor Shower: Perseids",
      "date": "2023-08-12",
      "description": "One of the best meteor showers of the year, with up to 60 meteors per hour at its peak. The Perseids are active from July 17 to August 24."
    },
    {
      "title": "Full Moon",
      "date": "2023-08-30",
      "description": "The Moon will be located on the opposite side of the Earth as the Sun and its face will be fully illuminated. This full moon is known as the Sturgeon Moon."
    },
    {
      "title": "Jupiter at Opposition",
      "date": "2023-11-03",
      "description": "Jupiter will be at its closest approach to Earth and its face will be fully illuminated by the Sun. It will be brighter than any other time of the year and will be visible all night long."
    },
    {
      "title": "Geminid Meteor Shower",
      "date": "2023-12-14",
      "description": "The Geminids is the king of meteor showers, producing up to 120 multicolored meteors per hour at its peak. The shower runs annually from December 7-17."
    }
  ]
  
  