[
    {
      "name": "International Space Station",
      "agency": "Multiple Agencies",
      "image": "https://upload.wikimedia.org/wikipedia/commons/thumb/0/04/International_Space_Station_after_undocking_of_STS-132.jpg/1200px-International_Space_Station_after_undocking_of_STS-132.jpg",
      "description": "The International Space Station is a modular space station in low Earth orbit. It's a multinational collaborative project involving NASA, Roscosmos, JAXA, ESA, and CSA.",
      "launched": "November 20, 1998",
      "status": "Active"
    },
    {
      "name": "James Webb Space Telescope",
      "agency": "NASA/ESA/CSA",
      "image": "https://upload.wikimedia.org/wikipedia/commons/thumb/6/6a/JWST_spacecraft_model_2.png/1200px-JWST_spacecraft_model_2.png",
      "description": "The James Webb Space Telescope is a space telescope designed to conduct infrared astronomy. It is the largest optical telescope in space.",
      "launched": "December 25, 2021",
      "status": "Active"
    },
    {
      "name": "Perseverance Rover",
      "agency": "NASA",
      "image": "../perseverance_rover.jpeg",
      "description": "The Perseverance rover is designed to study the rock record to reveal more about the geologic processes that created and modified the Martian crust and surface through time.",
      "launched": "July 30, 2020",
      "status": "Active on Mars"
    },
    {
      "name": "Voyager 1 & 2",
      "agency": "NASA",
      "image": "https://upload.wikimedia.org/wikipedia/commons/thumb/d/d2/Voyager.jpg/1200px-Voyager.jpg",
      "description": "The Voyager program is an ongoing American scientific program that employs two robotic interstellar probes, Voyager 1 and Voyager 2. Both Voyagers have now entered interstellar space.",
      "launched": "1977",
      "status": "Active in Interstellar Space"
    }
  ]
  
  