[
  {
    "name": "Mercury",
    "image": "../mercury.jpeg",
    "description": "Mercury is the smallest and innermost planet in the Solar System. It has no natural satellites and no substantial atmosphere. The planet has a large iron core which generates a magnetic field about 1% as strong as that of Earth's.",
    "type": "Terrestrial",
    "diameter": "4,879 km",
    "distance": "57.9 million km",
    "orbitalPeriod": "88 days",
    "rotationPeriod": "59 days",
    "moons": "0",
    "temperature": "-173°C to 427°C"
  },
  {
    "name": "Venus",
    "image": "../venus.jpeg",
    "description": "Venus is the second planet from the Sun and is Earth's closest planetary neighbor. It's one of the four inner, terrestrial planets, and it's often called Earth's twin because it's similar in size and density. However, it has a toxic atmosphere filled with carbon dioxide and clouds of sulfuric acid.",
    "type": "Terrestrial",
    "diameter": "12,104 km",
    "distance": "108.2 million km",
    "orbitalPeriod": "225 days",
    "rotationPeriod": "243 days",
    "moons": "0",
    "temperature": "462°C"
  },
  {
    "name": "Earth",
    "image": "../earth.jpeg",
    "description": "Earth is the third planet from the Sun and the only astronomical object known to harbor life. About 71% of Earth's surface is covered with water, with the remaining 29% consisting of continents and islands. Earth's atmosphere consists primarily of nitrogen and oxygen.",
    "type": "Terrestrial",
    "diameter": "12,742 km",
    "distance": "149.6 million km",
    "orbitalPeriod": "365.25 days",
    "rotationPeriod": "24 hours",
    "moons": "1",
    "temperature": "-88°C to 58°C"
  },
  {
    "name": "Mars",
    "image": "../mars.jpeg",
    "description": "Mars is the fourth planet from the Sun and the second-smallest planet in the Solar System. Mars is often called the 'Red Planet' due to its reddish appearance, which is caused by iron oxide (rust) on its surface. Mars has two small moons, Phobos and Deimos.",
    "type": "Terrestrial",
    "diameter": "6,779 km",
    "distance": "227.9 million km",
    "orbitalPeriod": "687 days",
    "rotationPeriod": "24.6 hours",
    "moons": "2",
    "temperature": "-153°C to 20°C"
  },
  {
    "name": "Jupiter",
    "image": "../jupiter.jpeg",
    "description": "Jupiter is the fifth planet from the Sun and the largest in the Solar System. It is a gas giant with a mass more than two and a half times that of all the other planets in the Solar System combined. Jupiter has 79 known moons, including the four large Galilean moons discovered by Galileo Galilei in 1610.",
    "type": "Gas Giant",
    "diameter": "139,820 km",
    "distance": "778.5 million km",
    "orbitalPeriod": "11.9 years",
    "rotationPeriod": "9.9 hours",
    "moons": "79",
    "temperature": "-145°C"
  },
  {
    "name": "Saturn",
    "image": "../saturn.jpeg",
    "description": "Saturn is the sixth planet from the Sun and the second-largest in the Solar System, after Jupiter. It is a gas giant with an average radius about nine times that of Earth. It has only one-eighth the average density of Earth. Saturn is known for its prominent ring system, which consists of nine continuous main rings and three discontinuous arcs.",
    "type": "Gas Giant",
    "diameter": "116,460 km",
    "distance": "1.4 billion km",
    "orbitalPeriod": "29.5 years",
    "rotationPeriod": "10.7 hours",
    "moons": "82",
    "temperature": "-178°C"
  },
  {
    "name": "Uranus",
    "image": "../uranus.jpeg",
    "description": "Uranus is the seventh planet from the Sun. It has the third-largest planetary radius and fourth-largest planetary mass in the Solar System. Uranus is similar in composition to Neptune, and both have bulk chemical compositions which differ from that of the larger gas giants Jupiter and Saturn.",
    "type": "Ice Giant",
    "diameter": "50,724 km",
    "distance": "2.9 billion km",
    "orbitalPeriod": "84 years",
    "rotationPeriod": "17.2 hours",
    "moons": "27",
    "temperature": "-224°C"
  },
  {
    "name": "Neptune",
    "image": "../neptune.jpeg",
    "description": "Neptune is the eighth and farthest-known Solar planet from the Sun. In the Solar System, it is the fourth-largest planet by diameter, the third-most-massive planet, and the densest giant planet. Neptune is 17 times the mass of Earth, slightly more massive than its near-twin Uranus.",
    "type": "Ice Giant",
    "diameter": "49,244 km",
    "distance": "4.5 billion km",
    "orbitalPeriod": "165 years",
    "rotationPeriod": "16.1 hours",
    "moons": "14",
    "temperature": "-218°C"
  }
]

